negative,uccpmb
negative,naoc 
negative,ovrp 
negative,mago 
negative,kooltv 
negative,cpiml 
negative,nato isaf 
negative,cira 
negative,fdlr 
negative,unita unita 
negative,yourafp 
negative,dtac 
negative,hamas 
negative,lurd lurd 
negative,hamas pflp 
negative,usda aphis aphis usda aphis 
negative,unmik 
negative,kmextv 
negative,usaid 
negative,lurd 
negative,plfp hamas 
negative,saba 
negative,aqlim 
negative,kanu 
negative,ltte epdp epdp 
negative,nato kfor 
negative,gkpi 
negative,nato sfor 
negative,hkbp 
negative,wkat 
negative,faln faln faln 
negative,nato 
negative,afrc 
negative,rira 
negative,edfgdf flnc 
negative,zanu 
negative,nlft cpim ttaadc nlft 
negative,oncesa 
negative,nscnim 
negative,jaqb ruet 
negative,fndic 
negative,sldf 
negative,awol 
negative,faln faln 
negative,zanu zanu zanu 
negative,nipr nipr 
negative,argk 
negative,iumk 
negative,dkba 
negative,ltte eprlf telo ltte 
negative,usda usda aphis 
negative,aaia 
negative,crfp 
negative,fait 
negative,bamm 
negative,fddfnl 
negative,asala 
negative,brac 
negative,anla 
negative,cnrt 
negative,uspi uspi uspi 
negative,pbcp 
negative,unesco 
negative,telo 
negative,unita mpla 
negative,mend mend 
negative,cpnuml 
negative,onlf onlf 
negative,naacp naacp 
negative,memisacoped 
negative,nnpc 
negative,renfe 
negative,elta 
negative,cpim nlft 
negative,jtmmj jtmmj jtmmj 
negative,nscn uklf nscn 
negative,monuc 
negative,hadep 
negative,ltte epdp 
negative,gamek unita 
negative,ltte epdp ltte 
negative,milf milf 
negative,unamsil 
negative,pagad 
negative,crpf nlft 
negative,bmpj 
negative,gscs 
negative,milf milf milf milf 
negative,jmppr 
negative,argk argk 
negative,kykl 
negative,ubgl 
negative,unhcr unhcr 
negative,pulo 
negative,fdwd 
negative,naacp 
negative,unicef aids 
negative,fkgp 
negative,farc 
negative,unifil 
negative,kykl kykl kykl 
negative,cceci 
negative,ltte epdp epdp ltte 
negative,gspc cosider gspc 
negative,nlft 
negative,unamet 
negative,eprlf ltte ltte eprlf ltte 
negative,nwlf nwlf 
negative,cira cira 
negative,fuac 
negative,laaca wfab 
negative,milf milf milf milf milf 
negative,ussr 
negative,iski 
negative,argk botas 
negative,diimsm 
negative,spla icrc icrc spla 
negative,gspc gspc 
negative,poto 
negative,PP PP 
negative,milf 
negative,nipr 
negative,nscmim 
negative,aqlim bmpj 
negative,irgc 
negative,knpp ncgub 
negative,rafd unhcr 
negative,tikko 
negative,farc farc farc 
negative,oaed oaed 
negative,Muthanna 
negative,emetic 
negative,mnlf mnlf mnlf 
negative,hamas hamas hamas 
negative,asala asala 
negative,kgwtv 
negative,slfp 
negative,eprlf ltte 
negative,cseb 
negative,atkor 
negative,unama unama 
negative,crpf klnlf 
negative,tkpmltikko 
negative,mdjt 
negative,ibdac 
negative,nwlf 
negative,omar 
negative,kpft kpft 
negative,usda 
negative,icrc 
negative,adra 
negative,pasok 
negative,epdp 
negative,Muhammad nfiu 
negative,naia 
negative,mkss 
negative,mfdc mfdc 
negative,kwkw 
negative,aqlim bmpj bmpj 
negative,CC fies 
negative,smhs 
negative,ltte ltte ltte 
negative,nlft cpim 
negative,ucla 
negative,candles 
negative,alter 
negative,mfdc 
negative,simi 
negative,milf milf milf 
negative,kiro 
negative,kfor 
negative,cnddfdd 
negative,flec 
negative,tiph tiph 
negative,dxms dxms milf milf 
negative,flnc flnc 
negative,itartass 
negative,tida tida 
negative,itbp 
negative,undp 
negative,nnpc nnpc 
negative,unita unita unita 
negative,nfiu 
negative,crpf crpf 
negative,unita 
negative,tikb 
negative,faln 
negative,anvc ndfb 
negative,updf updf 
negative,iraqna 
negative,jtmmj 
negative,tvri 
negative,ltte II icrc 
negative,popr 
negative,farm farm 
negative,sdlp 
negative,pudemo 
negative,jtmmg jtmmg 
negative,169. 
negative,crfp ulaf 
negative,amsc 
negative,gspc bmpj 
negative,plote telo 
negative,mlam ltte 
negative,plote 
negative,bpopl 
negative,gspc 
negative,aids 
negative,updf 
negative,unscom 
negative,farc accu farc 
negative,omon 
negative,crpf ulfa 
negative,ansa 
negative,ufdd 
negative,nlft nlft 
negative,epdp epdp ltte 
negative,eokab 
negative,dhkp 
negative,onlf 
negative,jtmmj jtmm 
negative,ltte epdp ltte ltte epdp 
negative,jtmmg 
negative,vbied 
negative,argk tpao 
negative,epdp ltte epdp ltte epdp ltte ltte 
negative,Abass 
negative,epdp ltte 
negative,telo ltte 
negative,rotc rotc 
negative,tnla 
negative,rcyb rcyb 
negative,fnlc 
negative,PSEE 
negative,usfs stop raping forests usfs 
negative,sfsc 
negative,spla spla spla 
negative,httpwwearthliberationfrontcomnewsmlhtml 
negative,PP 
negative,atag 
negative,aqap 
negative,cannot control what wild 
negative,Abbas 
negative,sncm 
negative,flncuc 
negative,palipehutufnl 
negative,ndfb ndfb 
negative,gkii 
negative,unpp 
negative,satco 
negative,cpim 
negative,onic 
negative,usuk 
negative,asean 
negative,upds nscn upds 
negative,anua 
negative,rotc 
negative,ltte ltte ltte ltte 
negative,upds 
negative,dhkpc 
negative,gspc gspc gspc 
negative,cafgu 
negative,ricin poison 
negative,unogbis 
negative,jtmm jtmm jtmm 
negative,ulfa ulfa 
negative,pflpgc 
negative,farc farc 
negative,aqlim aqlim 
negative,ltte sltb 
negative,agap 
negative,bamm bamm bamm 
negative,ulfa 
negative,tujs nlft 
negative,ahds 
negative,jtmmj jtmmg 
negative,knvf knvf 
negative,updr 
negative,ocensa 
negative,corci 
negative,rdfg 
negative,gspc gspc gspc gspc 
negative,kmak 
negative,psni 
negative,mira 
negative,star 
negative,botas 
negative,spdc 
negative,spla spla 
negative,alscon 
negative,kfor kfor 
negative,care 
negative,omon omon 
negative,mnlf 
negative,cafgu cafgu 
negative,cpim cpim 
negative,unmik kfor 
negative,ultras 
negative,ublf 
negative,amsac 
negative,between 
negative,ptcl ptcl 
negative,wlqy 
negative,mend 
negative,KK 
negative,ncdd kaze 
negative,nlft gail 
negative,milf mnlf 
negative,gkps 
negative,unama 
negative,crpf cprf 
negative,ongc 
negative,sairi 
negative,cudp 
negative,farp 
negative,care care 
negative,isaf 
negative,ltte tulf 
negative,ulfa ulfa attf ulfa 
negative,osce osce osce 
negative,jtmmj jtmmj 
negative,ecomog 
negative,tvri tvri 
negative,ndpvf 
negative,farp prepa 
negative,bbva psoe 
negative,bmpg gspc 
negative,tkpml 
negative,ltte epdp ltte epdp 
negative,wwii 
negative,dflp 
negative,dflp pflp 
negative,ssgc 
negative,asep 
negative,ierp 
negative,aqkb 
negative,gsee 
negative,funcinpec 
negative,draf flnc 
negative,jtmm 
negative,hsbc 
negative,II 
negative,massob massob 
negative,bbva 
negative,ucpmb 
negative,9 
negative,accu 
negative,cpvpv cpvpv 
negative,anap 
negative,gspc bmpj bmpj 
negative,cpnm 
negative,ubop ubop 
negative,rira rira 
negative,grapo grapo 
negative,isaf isaf 
negative,klnlf 
negative,echo 
negative,massob 
negative,fuac fuac 
negative,jtmm jtmm 
negative,pdip 
negative,kali 
negative,pflp 
negative,sgpc 
negative,sira 
negative,hamas hamas 
negative,plfp 
negative,spla 
negative,icrc icrc icrc 
negative,slmm slmm ltte 
negative,uspi 
negative,dxms milf milf 
negative,ndfb 
negative,flnc 
negative,attf 
negative,fpso mend mend 
negative,anpp 
negative,dian 
negative,grapo 
negative,ulfa ndfb 
negative,fiat 
negative,cisl 
negative,eprlf ltte ltte 
negative,ltte 
negative,ecowas 
negative,fraph 
negative,nscn 
negative,sokimex 
negative,fiel fiel 
negative,tatp petn 
negative,emetic emetic 
negative,farm farm farm kusi 
negative,voecrn voecrn 
negative,cnddfdd cnddfdd 
negative,zanupf 
negative,XII 
negative,ltte hudec 
negative,sciri kuna 
negative,sura sura 
negative,cata 
negative,snla 
negative,ltte telo ltte 
negative,plote ltte 
negative,uifsa 
negative,cisf 
negative,ltte plote 
negative,unhcr 
negative,fark 
negative,nfat 
negative,unicef 
negative,bmpj bmpj 
negative,ovrp ovrp 
negative,crpf 
negative,laaca 
negative,only 
negative,fnlc fnlc 
negative,CC 
negative,aeup 
negative,unita unicef 
negative,skif 
negative,rims 
negative,snpl 
negative,cpnm cpnm 
negative,vara 
negative,farc farc farc farc 
negative,bsch 
negative,ncddfdd 
negative,sciri 
negative,pagad pagad 
negative,renamo renamo frelimo 
negative,sciri sciri 
negative,brdm 
negative,ltte ltte 
